{"cameraMode":{"drawMode":0,"name":"Shaded","section":"Shading Mode"},"sceneLighting":true,"audioPlay":false,"sceneViewState":{"showFog":true,"showMaterialUpdate":false,"showSkybox":true,"showFlares":true,"showImageEffects":true,"showParticleSystems":true},"in2DMode":false,"pivot":{"x":0.4109296202659607,"y":-1.0269320011138917,"z":-14.381953239440918},"rotation":{"x":-0.10039308667182923,"y":0.8918603658676148,"z":-0.24338214099407197,"w":-0.3678514063358307},"size":4.446779251098633,"orthographic":false}