{"cameraMode":{"drawMode":0,"name":"Shaded","section":"Shading Mode"},"sceneLighting":true,"audioPlay":false,"sceneViewState":{"showFog":true,"showMaterialUpdate":false,"showSkybox":true,"showFlares":true,"showImageEffects":true,"showParticleSystems":true},"in2DMode":false,"pivot":{"x":1.5534563064575196,"y":-0.39354586601257326,"z":-16.49823760986328},"rotation":{"x":-0.1764831244945526,"y":0.8203951716423035,"z":-0.34270375967025759,"w":-0.4224107265472412},"size":4.519233703613281,"orthographic":false}