{"cameraMode":{"drawMode":0,"name":"Shaded","section":"Shading Mode"},"sceneLighting":true,"audioPlay":false,"sceneViewState":{"showFog":true,"showMaterialUpdate":false,"showSkybox":true,"showFlares":true,"showImageEffects":true,"showParticleSystems":true},"in2DMode":false,"pivot":{"x":-11.356035232543946,"y":-4.199770927429199,"z":-1.2308719158172608},"rotation":{"x":-0.13583168387413026,"y":0.6350794434547424,"z":-0.1148543730378151,"w":-0.7518611550331116},"size":10.604931831359864,"orthographic":false}