{"cameraMode":{"drawMode":0,"name":"Shaded","section":"Shading Mode"},"sceneLighting":false,"audioPlay":false,"sceneViewState":{"showFog":true,"showMaterialUpdate":false,"showSkybox":false,"showFlares":true,"showImageEffects":true,"showParticleSystems":true},"in2DMode":false,"pivot":{"x":2.4019999504089357,"y":0.4210888743400574,"z":-12.133999824523926},"rotation":{"x":-0.00412758020684123,"y":0.9841538071632385,"z":-0.1763513684272766,"w":-0.02301892265677452},"size":0.41717106103897097,"orthographic":false}